ID,Ativo,Tipo,Data_Compra,Preco_Compra,Qtd,Data_Venda,Preco_Venda,Lucro_R$,Lucro_%,Status,Alvo,Stop,Qtd_Restante,Stop_Inicial,Stop_Atual,Perfil,Motivo
1,ETH,Cripto,2026-09-22 12:08,2742.78,0.364594,2026-09-23 11:39,2717.85009765625,,-0.91,FECHADO,2791.69,2718.32,0.0,2718.32,2718.32,,
2,BNB,Cripto,2026-09-22 12:08,786.13,1.272054,2026-09-22 20:09,785.780029296875,-0.45,-0.04,FECHADO,799.36,779.51,,779.51,779.51,,
3,ADA,Cripto,2026-09-22 12:08,0.25,4077.305713,2026-09-23 14:29,0.2369000017642974,,-5.24,FECHADO,0.26,0.24,0.0,0.24,0.24,,
4,BBAS3,Ação,2026-09-22 12:08,22.99,43.497173,2026-09-24 15:41,21.739999771118164,,-5.44,FECHADO,25.43,21.77,0.0,21.77,21.77,,
5,PETR4,Ação,2026-09-22 13:28,47.5,21.052632,,,,,ABERTO,51.06,45.72,,45.72,47.66,,
6,ITUB4,Ação,2026-09-22 18:53,43.34,23.073373,,,,,ABERTO,46.46,41.78,,41.78,41.78,,
7,BTC,Cripto,2026-09-22 21:08,86304.39,0.011587,2026-09-23 11:28,85527.0,-9.01,-0.9,FECHADO,87667.45,85622.86,0.0,85622.86,85622.86,,
8,SOL,Cripto,2026-09-22 23:08,119.11,8.395601,2026-09-23 09:14,117.43000030517578,-14.1,-1.41,FECHADO,121.86,117.74,,117.74,117.74,,
9,BNB,Cripto,2026-09-23 01:13,792.12,1.262435,2026-09-23 10:14,783.1799926757812,-11.29,-1.13,FECHADO,804.53,785.91,,785.91,785.91,,
10,WEGE3,Ação,2026-09-23 11:28,51.8,19.30502,,,,,ABERTO,55.72,,19.30502,49.84,49.84,equilibrado,
11,ADA,Cripto,2026-09-23 15:27,0.24,4166.66676,2026-09-24 16:29,0.2504000067710876,43.33,4.33,FECHADO,0.25,,0.0,0.23,0.24,equilibrado,
12,BNB,Cripto,2026-09-24 15:41,780.96,1.280475,2026-09-25 13:46,772.7999877929688,-10.45,-1.04,FECHADO,797.32,,0.0,772.78,772.78,equilibrado,
13,BBAS3,Ação,2026-09-24 15:41,21.74,45.998161,,,,,ABERTO,23.96,,45.998161,20.63,20.63,equilibrado,
14,ADA,Cripto,2026-09-24 17:12,0.25,4044.652856,2026-09-26 15:53,0.260019987821579,40.53,4.01,FECHADO,0.26,,0.0,0.24,0.25,equilibrado,
15,SOL,Cripto,2026-09-25 21:10,121.28,8.245383,,,,,ABERTO,126.35,,8.245383,118.75,118.75,equilibrado,
16,BNB,Cripto,2026-09-25 23:09,776.25,1.288245,2026-09-26 10:14,772.6099853515625,-4.69,-0.47,FECHADO,788.49,,0.0,770.13,770.13,equilibrado,
17,ETH,Cripto,2026-09-26 00:20,2689.08,0.371874,2026-09-26 09:15,2682.27001953125,-2.53,-0.25,FECHADO,2742.77,,0.0,2662.23,2662.23,equilibrado,
18,BTC,Cripto,2026-09-26 11:07,84135.03,0.011886,2026-09-26 20:09,83973.1171875,-1.92,-0.19,FECHADO,84654.86,,0.0,83875.11,83875.11,equilibrado,
19,ETH,Cripto,2026-09-26 15:26,2690.25,0.371713,2026-09-26 18:46,2683.419921875,-2.54,-0.25,FECHADO,2708.64,,0.0,2681.06,2681.06,equilibrado,
20,ADA,Cripto,2026-09-26 15:53,0.26,3845.858191,2026-09-26 16:10,0.2591100037097931,-3.42,-0.34,FECHADO,0.27,,0.0,0.26,0.26,equilibrado,
21,BTC,Cripto,2026-09-27 03:15,84467.32,0.011839,2026-09-27 10:14,85012.90625,6.46,0.65,FECHADO,84947.68,,0.0,84227.14,84227.14,equilibrado,
22,ETH,Cripto,2026-09-27 09:15,2708.56,0.3692,2026-09-27 14:40,2688.35009765625,-7.46,-0.75,FECHADO,2736.41,,0.0,2694.64,2694.64,equilibrado,
23,BTC,Cripto,2026-09-27 10:14,85012.91,0.011763,2026-09-27 14:52,84553.90625,-5.4,-0.54,FECHADO,85640.61,,0.0,84699.05,84699.05,equilibrado,
24,BNB,Cripto,2026-09-27 12:09,780.93,1.280525,2026-09-27 15:09,775.3499755859375,-7.15,-0.71,FECHADO,787.44,,0.0,777.67,777.67,equilibrado,
25,ADA,Cripto,2026-09-27 19:08,0.26,3904.267213,2026-09-27 21:48,0.2551299929618835,-19.01,-1.87,FECHADO,0.26,,0.0,0.25,0.25,equilibrado,🔴 Reversão técnica
26,BNB,Cripto,2026-09-27 21:21,778.31,1.284835,2026-09-27 22:35,774.1799926757812,-5.31,-0.53,FECHADO,785.83,,0.0,774.55,774.55,equilibrado,🛑 Stop
